,City,City ID,Date,Max Temperature,Cloudiness,Humidity,Wind Speed,Latitude,Longitude
0,Port Alfred,964432,1552092112,18.33,92,89,1.79,-33.59,26.89
1,Bredasdorp,1015776,1552091487,19.0,92,88,5.7,-34.53,20.04
2,Ushuaia,3833367,1552089600,10.0,75,61,15.4,-54.81,-68.31
3,Berlevag,780687,1552092218,-7.9,76,100,3.57,70.86,29.09
4,Sinnamary,3380290,1552092335,26.5,80,92,5.12,5.38,-52.96
5,Port Lincoln,2063036,1552092335,20.5,80,91,1.37,-34.72,135.86
6,Klaksvik,2618795,1552090800,2.0,48,59,8.2,62.23,-6.59
7,Cidreira,3466165,1552092335,22.75,88,99,2.77,-30.17,-50.22
8,Codrington,2160063,1552092152,28.89,40,73,1.22,-28.95,153.24
9,Choya,1507745,1552092336,-13.5,64,73,1.07,52.01,86.55
10,Namibe,3347019,1552092336,25.73,48,100,1.67,-15.19,12.15
11,Rikitea,4030556,1552092157,25.28,68,100,7.22,-23.12,-134.97
12,Ancud,3899695,1552089600,11.0,0,71,2.1,-41.87,-73.83
13,Komsomolskiy,1486910,1552092336,-10.48,68,86,5.67,67.55,63.78
14,Troitskoye,1489209,1552092336,-7.03,92,93,1.92,52.98,84.68
15,Vaini,1273574,1552089600,18.0,0,55,0.62,15.34,74.49
16,Coquimbo,3893629,1552089600,16.0,40,87,4.1,-29.95,-71.34
17,Chabahar,1161724,1552092337,19.9,0,100,3.52,25.29,60.65
18,Butaritari,2110227,1552092157,27.5,80,100,6.47,3.07,172.79
19,Carnarvon,1014034,1552092337,10.18,0,89,1.37,-30.97,22.13
20,Meadow Lake,6071421,1552089600,-10.0,90,85,2.6,54.13,-108.44
21,Honningsvag,779554,1552092318,-6.23,68,100,3.87,70.98,25.97
22,Hobart,2163355,1552092301,15.0,75,93,2.1,-42.88,147.33
23,Constitucion,4011743,1552092016,25.0,75,10,9.3,23.99,-104.67
24,Bluff,2175403,1552092185,28.28,44,60,5.32,-23.58,149.07
25,Inongo,2315417,1552092338,21.88,12,97,1.17,-1.93,18.29
26,Punta Arenas,3874787,1552092187,11.0,75,76,9.3,-53.16,-70.91
27,Taunggyi,1293960,1552092052,13.35,0,87,1.32,20.78,97.03
28,Ahipara,2194098,1552092338,19.73,32,87,7.97,-35.17,173.16
29,Jamestown,2069194,1552092114,22.03,68,63,1.92,-33.21,138.6
30,Esperance,3573739,1552092330,26.11,20,78,3.1,10.24,-61.45
31,Khani,610864,1552089600,5.0,0,80,2.6,41.96,42.96
32,Norman Wells,6089245,1552089600,-5.0,75,67,3.6,65.28,-126.83
33,Bambous Virieux,1106677,1552089600,24.0,75,94,2.1,-20.34,57.76
34,Hermanus,3366880,1552091487,17.78,44,86,2.68,-34.42,19.24
35,Kapaa,5848280,1552092207,26.0,75,64,11.3,22.08,-159.32
36,Kahului,5847411,1552092334,26.67,40,50,10.3,20.89,-156.47
37,Atuona,4020109,1552092340,27.85,92,100,7.57,-9.8,-139.03
38,Saldanha,2737599,1552092340,1.63,0,82,1.22,41.42,-6.55
39,Hambantota,1244926,1552090200,23.0,44,100,0.5,6.12,81.12
40,Arraial do Cabo,3471451,1552089600,27.0,20,83,5.7,-22.97,-42.02
41,Amahai,1651591,1552092341,28.13,64,100,7.17,-3.31,129.0
42,Diffa,2445704,1552092342,25.18,0,26,4.77,13.32,12.61
43,Ciolpani,681691,1552092298,13.89,0,57,4.6,44.73,26.11
44,Preston,2639912,1552092315,8.89,40,80,8.7,53.76,-2.71
45,Mataura,6201424,1552092342,19.65,64,47,1.97,-46.19,168.86
46,Ballina,2966778,1552092184,8.89,92,90,0.45,54.11,-9.15
47,Grindavik,3416888,1552091957,1.11,90,59,10.8,63.84,-22.43
48,Qaanaaq,3831208,1552092343,-24.73,0,93,2.62,77.48,-69.36
49,Cabo San Lucas,3985710,1552091497,32.0,75,86,6.7,22.89,-109.91
50,Awbari,2219235,1552092343,12.88,0,23,4.67,26.59,12.77
51,Makushino,1500036,1552092343,-11.43,0,76,5.02,55.21,67.25
52,Albany,5106834,1552092332,-1.11,1,35,1.97,42.65,-73.75
53,Faanui,4034551,1552092245,29.35,92,96,7.17,-16.48,-151.75
54,Fare,4034496,1552092344,29.28,76,96,7.02,-16.7,-151.02
55,Curvelo,3464891,1552092344,27.18,32,48,3.87,-18.76,-44.43
56,Porbandar,1259395,1552092344,19.15,0,84,4.02,21.64,69.61
57,Marystown,6067472,1552092344,-6.38,68,100,12.02,47.17,-55.16
58,Moron,3631878,1552092344,22.08,8,76,1.77,10.49,-68.2
59,Busselton,2075265,1552092316,21.11,92,74,0.87,-33.64,115.35
60,Gushikawa,1863495,1552090500,20.0,90,82,6.7,26.35,127.87
61,Perundurai,1259855,1552091400,25.0,20,78,1.12,11.28,77.58
62,Muros,3115824,1552092330,12.78,90,93,2.1,42.77,-9.06
63,Udachnyy,2014624,1552092345,-9.73,76,77,2.27,66.42,112.4
64,Mahebourg,934322,1552089600,24.0,75,94,2.1,-20.41,57.7
65,Bundaberg,2173323,1552092011,31.11,75,65,6.2,-24.87,152.35
66,Hilo,5855927,1552092208,24.0,75,57,6.7,19.71,-155.08
67,Winston,2636561,1552092337,9.0,88,93,7.7,52.21,1.19
68,Barrow,3833859,1552092199,14.35,80,61,4.42,-38.31,-60.23
69,Lanxi,1804442,1552092346,6.68,92,100,0.52,29.21,119.46
70,Shitanjing,1794971,1552092346,-10.03,0,57,1.07,39.23,106.34
71,Amboise,3037902,1552092271,10.0,90,93,7.7,47.41,0.98
72,Yellowknife,6185377,1552092165,-8.0,90,72,5.1,62.45,-114.38
73,Mvangue,2225703,1552092347,21.1,32,96,0.87,2.97,11.5
74,Lingig,1706176,1552092347,26.15,92,100,3.72,8.04,126.41
75,Mount Isa,2065594,1552089600,30.0,0,55,4.1,-20.73,139.49
76,Lata,1253628,1552092347,-0.08,0,79,1.22,30.78,78.62
77,Flinders,6255012,1552092130,24.44,90,64,3.6,-34.58,150.85
78,Chicama,3698359,1552092347,23.38,24,77,1.52,-7.84,-79.15
79,Dikson,1507390,1552092347,-14.35,48,95,2.77,73.51,80.55
80,Ostrovnoy,556268,1552092348,-8.93,88,89,5.62,68.05,39.51
81,Puerto Ayora,3652764,1552092348,27.38,20,90,6.37,-0.74,-90.35
82,Kavieng,2094342,1552092348,26.6,68,100,1.67,-2.57,150.8
83,Karratha,6620339,1552092226,28.03,0,75,2.07,-20.74,116.85
84,Kuandian,2036283,1552092202,0.83,20,63,2.17,40.73,124.78
85,Staritsa,488946,1552092348,4.0,80,92,9.07,56.51,34.93
86,Twentynine Palms,5404198,1552092304,21.0,1,24,9.3,34.14,-116.05
87,Mount Gambier,2156643,1552089600,20.0,90,68,2.1,-37.83,140.78
88,Penha,3454213,1552092329,24.0,75,88,9.8,-26.78,-48.65
89,Port Elizabeth,4501427,1552092212,2.22,90,90,2.87,39.31,-74.98
90,Thompson,6165406,1552089600,-5.0,75,35,1.0,55.74,-97.86
91,Avarua,4035715,1552089600,27.0,32,78,6.2,-21.21,-159.78
92,Aklavik,5882953,1552089600,-4.0,75,73,3.6,68.22,-135.01
93,Katsuura,1865309,1552091083,7.78,20,70,3.6,33.93,134.5
94,Bellevue,5786882,1552092350,6.11,40,75,2.1,47.61,-122.19
95,Saskylakh,2017155,1552092353,-16.78,64,76,5.07,71.97,114.09
96,Ipanema,3452925,1552092343,25.0,90,88,4.1,-30.14,-51.22
97,Sur,286245,1552092353,20.15,0,100,2.12,22.57,59.53
98,Bartica,3379507,1552092353,25.93,68,71,2.42,6.41,-58.62
99,Vostok,2013279,1552092271,1.68,92,59,3.27,46.45,135.83
100,Tasiilaq,3424607,1552089000,-4.0,56,45,10.3,65.61,-37.64
101,Ust-Kut,2013923,1552092354,-4.5,88,73,3.52,56.78,105.75
102,Maltahohe,3355624,1552092354,15.63,0,30,2.77,-24.83,16.98
103,Sindor,492860,1552092354,-2.78,92,88,5.47,62.87,51.9
104,La Reforma,3594143,1552092004,30.0,75,62,3.1,14.8,-91.82
105,Tuktoyaktuk,6170031,1552089600,-12.0,90,92,5.7,69.44,-133.03
106,Broken Hill,2173911,1552089600,29.0,8,9,1.5,-31.97,141.45
107,Petatlan,3992842,1552088400,30.0,5,66,4.1,17.52,-101.27
108,Hualmay,3939761,1552092356,23.58,36,72,2.02,-11.1,-77.61
109,Unai,3445764,1552092356,23.43,0,69,2.12,-16.36,-46.91
110,Conceicao da Barra,3465769,1552092356,28.08,36,92,3.42,-18.59,-39.73
111,Hamilton,5969785,1552092355,-2.78,20,49,2.1,43.26,-79.87
112,Alofi,4036284,1552089600,28.0,75,74,2.6,-19.06,-169.92
113,Haukipudas,658630,1552092351,1.11,92,100,4.6,65.17,25.5
114,Cape Town,3369157,1552092222,17.78,0,87,4.6,-33.93,18.42
115,Ambatofinandrahana,1083239,1552092357,15.58,36,94,1.17,-20.55,46.8
116,Abu Samrah,172515,1552092357,4.28,0,64,2.82,35.3,37.18
117,Saint-Philippe,6138908,1552092352,-3.0,1,53,3.6,45.36,-73.48
118,Khatanga,2022572,1552092357,-21.0,64,69,6.07,71.98,102.47
119,Skelleftea,602913,1552092279,-7.78,88,85,5.1,64.75,20.95
120,Geneva,6458783,1552092293,9.0,90,61,4.1,46.2,6.15
121,Nowy Dwor Mazowiecki,763556,1552092340,6.11,0,80,4.6,52.43,20.72
122,Khash,1160571,1552092358,7.73,88,54,1.62,28.22,61.21
123,Hirara,1862505,1552089600,21.0,75,77,6.2,24.8,125.28
124,Conceicao do Araguaia,3401845,1552092358,26.9,32,85,2.37,-8.26,-49.26
125,Hobyo,57000,1552092359,24.4,0,92,5.37,5.35,48.53
126,Pevek,2122090,1552092359,-17.25,68,100,0.82,69.7,170.27
127,Abu Kamal,174448,1552092359,7.85,0,52,4.92,34.45,40.92
128,High Level,5975004,1552089600,-3.0,20,53,4.1,58.52,-117.13
129,Kristiansand,4793846,1552092352,6.11,90,100,1.17,37.36,-76.77
130,Sao Filipe,3374210,1552092360,21.65,0,94,7.62,14.9,-24.5
131,Darhan,2031964,1552092360,-14.25,0,65,1.27,49.49,105.92
132,Pangnirtung,6096551,1552092360,-20.5,0,52,2.52,66.15,-65.72
133,Bandarbeyla,64814,1552092360,25.13,92,100,5.32,9.49,50.81
134,Dongning,2037611,1552092360,7.4,20,33,4.17,44.06,131.12
135,Talnakh,1490256,1552092361,-13.23,80,85,7.02,69.49,88.39
136,Geraldton,5960603,1552089600,-6.0,5,29,1.0,49.72,-86.95
137,Chokurdakh,2126123,1552092361,-22.85,80,66,1.97,70.62,147.9
138,Rosario,3440747,1552092337,13.89,80,78,2.24,-34.31,-57.35
139,Cherskiy,2126199,1552092243,-17.9,80,75,1.32,68.75,161.3
140,Erenhot,2037485,1552092362,-2.03,88,50,6.67,43.65,111.97
141,Gat,2249901,1552089600,19.0,0,68,9.8,14.69,-16.54
142,Lewiston,4969398,1552092357,1.11,1,49,3.1,44.1,-70.21
143,Torbay,6167817,1552092361,-9.44,90,78,9.3,47.66,-52.73
144,Richards Bay,962367,1552092363,20.75,68,99,2.72,-28.77,32.06
145,Kizema,547871,1552092363,0.63,92,95,8.17,61.11,44.83
146,Viedma,3832899,1552092363,12.88,0,63,2.77,-40.81,-62.99
147,Papar,1733353,1552092017,29.44,75,74,1.5,5.73,115.93
148,Chuy,3443061,1552092218,20.98,92,79,8.52,-33.69,-53.46
149,Atambua,1651103,1552092363,27.0,0,100,1.97,-9.11,124.89
150,Drayton Valley,5942547,1552092363,-6.38,80,80,3.97,53.22,-114.98
151,Khandyga,2022773,1552092364,-16.6,56,75,1.32,62.65,135.58
152,Dingle,1714733,1552092364,24.98,48,85,3.12,11.0,122.67
153,Ponta do Sol,3453439,1552092364,21.78,12,82,1.87,-20.63,-46.0
154,Prince Rupert,6113406,1552089600,7.0,1,39,2.1,54.32,-130.32
155,Victoria,1733782,1552089600,27.0,90,88,1.0,5.28,115.24
156,Castro,3896218,1552089600,11.0,0,71,2.1,-42.48,-73.76
157,Aden,415189,1552092366,25.98,24,99,2.07,12.79,45.03
158,Mar del Plata,3863379,1552092366,17.35,0,42,3.42,-46.43,-67.52
159,Vale da Amoreira,2262963,1552092363,12.78,0,81,2.1,38.65,-9.04
160,Mogadishu,53654,1552092202,27.13,32,99,7.22,2.04,45.34
161,Wadi Musa,246008,1552092367,3.38,0,81,0.62,30.32,35.48
162,Rovaniemi,638936,1552090800,-7.0,90,85,7.2,66.5,25.72
163,Poum,787487,1552092367,-0.25,36,79,0.97,41.28,20.71
164,Lebu,344979,1552092143,7.18,0,84,1.92,8.96,38.73
165,Fortuna,2517679,1552092328,10.56,0,71,2.6,38.18,-1.13
166,Les Cayes,3728097,1552092367,25.65,0,100,3.57,18.19,-73.75
167,Ribeira Grande,3372707,1552092171,16.4,88,96,7.57,38.52,-28.7
168,Najran,103630,1552089600,16.0,5,38,1.22,17.54,44.22
169,Lorengau,2092164,1552092243,27.58,56,100,1.67,-2.02,147.27
170,Isangel,2136825,1552089600,25.0,75,88,5.1,-19.55,169.27
171,Adrar,2508813,1552089600,22.0,0,10,11.3,27.87,-0.29
172,Rio Gallegos,3838859,1552089600,14.0,0,47,11.8,-51.62,-69.22
173,Hasaki,2112802,1552091906,7.78,20,52,1.0,35.73,140.83
174,Miles City,5666176,1552092317,-1.11,90,74,5.7,46.41,-105.84
175,Leningradskiy,2123814,1552092369,-16.9,36,89,7.42,69.38,178.42
176,Georgetown,3378644,1552092369,25.83,68,74,3.77,6.8,-58.16
177,Vestmanna,2610343,1552090800,2.0,36,59,8.2,62.16,-7.17
178,Lavrentiya,4031637,1552092370,-4.23,64,99,10.77,65.58,-170.99
179,Bethel,5880568,1552089360,4.0,40,69,6.2,60.79,-161.76
180,Azare,2348595,1552092370,22.03,24,49,1.57,11.67,10.19
181,Kailua,5847486,1552092320,26.0,20,73,6.7,21.39,-157.74
182,Paranhos,3455049,1552092371,25.83,32,83,1.57,-23.89,-55.43
183,Longyearbyen,2729907,1552089000,-18.0,0,54,1.0,78.22,15.63
184,La Ronge,6050066,1552089600,-7.0,75,62,3.1,55.1,-105.3
185,Clyde River,5924351,1552089600,-23.0,75,76,3.1,70.47,-68.59
186,Hami,1529484,1552092371,-1.9,0,65,2.42,42.84,93.51
187,Saint George,262462,1552092204,11.67,20,100,1.97,39.45,22.34
188,Hofn,2630299,1552092372,2.03,64,100,10.47,64.25,-15.21
189,Requena,2511930,1552092358,10.56,0,70,3.1,39.49,-1.1
190,Jumla,1283285,1552092372,-10.78,0,88,1.07,29.28,82.18
191,Cooma,2170577,1552089600,21.0,56,40,5.7,-36.24,149.13
192,Ampanihy,1078553,1552092372,20.23,0,91,4.42,-24.69,44.75
193,Ayorou,2447416,1552092372,18.68,0,28,1.77,14.73,0.92
194,Florence,4062577,1552092326,17.22,90,100,2.37,34.8,-87.68
195,Narsaq,3421719,1552089000,3.0,24,25,13.4,60.91,-46.05
196,Giyani,1001860,1552092373,19.43,8,76,2.77,-23.32,30.73
197,Zajas,784027,1552091400,5.0,0,86,1.0,41.61,20.94
198,Krasnyy Profintern,541446,1552089600,2.0,75,93,4.0,57.74,40.44
199,Buala,2109528,1552092373,29.18,100,85,3.87,-8.15,159.59
200,Yorkton,6185607,1552089600,-4.0,1,58,3.6,51.21,-102.46
201,Port Huron,5006233,1552092366,-1.0,1,63,1.67,42.98,-82.44
202,Nampula,1033356,1552092374,22.0,36,88,2.32,-15.12,39.26
203,Kodiak,4407665,1552092315,4.44,90,80,4.1,39.95,-94.76
204,Kermanshah,128226,1552089600,2.0,20,100,2.1,34.32,47.07
205,Usinsk,863061,1552092374,-9.98,76,94,3.42,66.0,57.56
206,Nome,4732862,1552092321,23.0,90,83,4.6,30.04,-94.42
207,Ahuimanu,5856516,1552092320,26.0,20,73,6.7,21.44,-157.84
208,Labuhan,1641899,1552092375,25.33,36,79,0.62,-2.54,115.51
209,Santos Dumont,3449427,1552092375,19.9,24,85,1.87,-21.46,-43.55
210,Hervey Bay,2146219,1552092308,31.11,75,65,6.2,-25.3,152.85
211,Kruisfontein,986717,1552092375,17.43,100,100,6.17,-34.0,24.73
212,Cam Ranh,1586350,1552089600,25.0,20,88,1.5,11.92,109.15
213,East London,1006984,1552092172,20.43,92,100,8.72,-33.02,27.91
214,Ixtapa,4004293,1552092327,26.0,5,61,3.6,20.71,-105.21
215,Presidencia Roque Saenz Pena,3840300,1552092376,22.28,88,96,6.82,-26.79,-60.44
216,San Cristobal,3652462,1552091488,11.67,20,82,0.07,-0.39,-78.55
217,Neiafu,4032420,1552089600,29.0,40,70,3.6,-18.65,-173.98
218,Suhbaatar,2029156,1552092377,-12.38,0,63,1.87,50.23,106.21
219,Vila Velha,6320062,1552091891,27.22,20,83,1.0,-3.71,-38.6
220,Maumere,1635815,1552092377,28.23,20,100,2.57,-8.63,122.22
221,Tiksi,2015306,1552092377,-24.93,0,58,1.72,71.64,128.87
222,Senador Jose Porfirio,3387928,1552092377,24.68,20,97,1.92,-2.59,-51.95
223,Faya,110690,1552089600,14.0,40,82,3.6,18.39,42.45
224,Ambilobe,1082243,1552092377,23.53,24,92,0.87,-13.19,49.05
225,Quang Ngai,1568770,1552092378,19.53,8,88,0.87,15.12,108.8
226,Wewak,2083537,1552092378,26.1,56,91,0.97,-3.55,143.63
227,Outlook,6095416,1552092362,-7.78,0,74,2.24,51.48,-107.04
228,Souillac,3026644,1552092129,10.56,90,87,5.7,45.6,-0.6
229,Srivardhan,1255619,1552092378,18.53,0,92,1.77,18.03,73.02
230,Boyolangu,1648082,1552092378,22.85,44,89,1.32,-8.09,111.9
231,Arman,2127060,1552092379,-10.63,68,78,1.62,59.7,150.17
232,Weligama,1223738,1552092379,26.08,92,97,2.52,5.97,80.42
233,Nicoya,3622716,1552089600,29.0,0,45,12.9,10.15,-85.45
234,Tessalit,2449893,1552092379,14.93,0,29,3.87,20.2,1.01
235,Trelew,3833883,1552092379,16.98,0,29,5.07,-43.25,-65.31
236,La Ferte-Bernard,3009494,1552092228,10.0,90,93,6.2,48.19,0.65
237,Gazanjyk,161974,1552092380,1.9,8,88,2.12,39.24,55.52
238,Tagusao,1684245,1552092380,25.83,0,90,1.77,9.19,117.81
239,Luanshya,909863,1552092380,17.65,76,99,1.62,-13.14,28.42
240,Palmer,2067070,1552092308,25.56,20,69,4.6,-34.85,139.16
241,Luganville,2136150,1552092381,29.43,76,92,4.22,-15.51,167.18
242,Kenai,5866063,1552092124,4.44,90,74,3.6,60.55,-151.26
243,Katherine,2068655,1552089600,31.0,75,62,2.6,-14.47,132.26
244,Provideniya,4031574,1552092172,-3.0,36,100,11.87,64.42,-173.23
245,Bambanglipuro,1650434,1552092381,23.28,92,93,1.42,-7.95,110.28
246,Athy,2966837,1552092132,6.67,75,81,7.2,52.99,-6.98
247,New Norfolk,2155415,1552092135,15.0,75,93,2.1,-42.78,147.06
248,Kibala,2425791,1552092217,24.5,0,34,3.92,9.11,18.35
249,Nanortalik,3421765,1552092381,-1.9,80,99,6.72,60.14,-45.24
250,Kloulklubed,7671223,1552089000,25.0,90,88,6.7,7.04,134.26
251,Biak,1637001,1552092382,26.23,92,96,0.62,-0.91,122.88
252,Gizo,6693679,1552092377,9.44,0,81,1.5,31.8,34.94
253,Kenora,5991056,1552092163,-6.0,90,85,1.5,49.76,-94.48
254,Tiznit,2527089,1552092382,13.35,0,85,2.52,29.7,-9.73
255,Koumac,2140558,1552092382,25.25,92,98,3.42,-20.56,164.28
256,Myaundzha,2123100,1552092382,-26.0,24,58,1.62,63.05,147.18
257,Sitka,4267710,1552092382,11.73,48,69,6.62,37.17,-99.65
258,San Quintin,1688687,1552092383,23.63,8,71,1.77,17.54,120.52
259,Kununurra,2068110,1552089600,32.0,0,62,2.1,-15.77,128.74
260,Etchoropo,4006387,1552092375,22.22,92,79,1.34,26.77,-109.67
261,Kasongo-Lunda,2315026,1552092383,20.85,48,95,0.97,-6.48,16.82
262,Havelock,4470244,1552092082,10.56,90,81,3.1,34.88,-76.9
263,Okhotsk,2122605,1552092383,-12.6,56,100,2.62,59.36,143.24
264,Makakilo City,5850554,1552092186,26.0,20,44,6.7,21.35,-158.09
265,Taybad,1159384,1552092384,4.78,88,89,4.37,34.74,60.78
266,Kaitangata,2208248,1552092271,20.0,12,53,0.89,-46.28,169.85
267,Tazovskiy,1489853,1552092384,-11.43,76,81,7.72,67.47,78.7
268,Cukai,1732945,1552089600,25.0,75,100,1.0,4.25,103.42
269,Kostino,729794,1552091412,11.67,0,81,1.5,41.7,25.3
270,Pokrovsk,704422,1552092385,6.03,56,56,6.57,48.28,37.18
271,Lagoa,2267254,1552092128,13.0,0,71,3.1,37.14,-8.45
272,Soyo,2236967,1552092385,27.0,76,85,1.57,-6.13,12.37
273,Atasu,1526041,1552092385,-6.33,92,77,3.57,48.68,71.64
274,Walvis Bay,3359638,1552089782,17.22,0,77,2.6,-22.95,14.51
275,Parkes,2153778,1552092177,28.89,32,38,0.45,-33.14,148.18
276,Lavumisa,935051,1552092386,20.0,100,96,1.42,-27.31,31.88
277,Bathsheba,3374083,1552089600,25.0,20,73,7.7,13.22,-59.52
278,Tygda,2014743,1552092386,-9.1,0,51,3.27,53.11,126.33
279,Panzhihua,6929460,1552092386,11.5,0,55,2.12,26.59,101.72
280,Marechal Deodoro,3395395,1552089600,26.0,40,83,2.6,-9.71,-35.9
281,Touros,3386213,1552089600,27.0,40,83,2.1,-5.2,-35.46
282,Rocha,3440777,1552092387,17.78,92,76,5.82,-34.48,-54.34
283,Nikolskoye,546105,1552092035,4.0,90,93,3.0,59.7,30.79
284,Aswan,359792,1552092387,12.43,0,67,3.97,24.09,32.9
285,Port Hardy,6111862,1552089600,5.0,20,60,1.0,50.7,-127.42
286,San Patricio,3437029,1552092387,23.83,80,93,3.22,-26.98,-56.83
287,Russell,3844421,1552089600,13.0,40,87,2.6,-33.01,-68.8
288,Kjollefjord,779261,1552092388,-10.93,44,82,2.97,70.95,27.35
289,Naze,2337542,1552092388,24.15,32,90,2.12,5.43,7.07
290,Belmonte,8010472,1552092388,2.58,0,81,1.32,40.36,-7.35
291,Tabuk,1684803,1552092388,19.5,36,91,1.07,17.41,121.44
292,Orocue,3673536,1552092389,28.53,36,63,2.22,4.79,-71.34
293,Nouadhibou,2377457,1552089600,18.0,0,77,11.8,20.93,-17.03
294,Man,2284647,1552092389,22.93,12,85,1.02,7.41,-7.55
295,Ketchikan,5554428,1552089360,5.0,75,65,2.6,55.34,-131.65
296,Puerto Penasco,3991347,1552091498,17.22,0,65,6.26,31.32,-113.53
297,Kathu,991664,1552092338,18.89,0,39,3.37,-27.7,23.05
298,Buraydah,107304,1552089600,8.0,0,52,3.6,26.33,43.97
299,Upernavik,3418910,1552092172,-13.6,36,100,5.47,72.79,-56.15
300,Ust-Nera,2120048,1552092391,-27.03,64,84,1.22,64.57,143.24
301,Nanae,2129003,1552089600,8.0,75,61,9.3,41.94,140.7
302,Northam,2641434,1552092319,9.0,20,81,4.1,51.04,-4.21
303,Chancay,3944399,1552092304,24.44,36,80,1.79,-11.56,-77.27
304,Coihaique,3894426,1552089600,14.0,0,58,2.1,-45.58,-72.07
305,Broome,2656067,1552092378,9.0,88,93,7.7,52.47,1.45
306,Maniwaki,6065262,1552092392,-5.03,0,60,3.67,46.38,-75.98
307,Boende,218680,1552092393,23.85,76,90,0.97,-0.28,20.88
308,Tautira,4033557,1552092183,31.67,40,66,5.1,-17.73,-149.15
309,Yeppoon,2142316,1552089600,28.0,75,65,6.7,-23.13,150.74
310,Port-Gentil,2396518,1552092394,28.25,48,94,2.72,-0.72,8.78
311,Deputatskiy,2028164,1552092394,-22.63,68,76,1.62,69.3,139.9
312,Mumford,2297810,1552092394,25.75,0,90,2.67,5.26,-0.76
313,Qianguo,2035399,1552092394,1.23,20,50,7.52,45.12,124.86
314,Horsham,2163055,1552092395,20.48,0,86,2.07,-36.71,142.2
315,Carutapera,3402648,1552092395,26.08,92,89,2.87,-1.2,-46.02
316,Mazatlan,3996322,1552091470,26.0,75,54,4.1,23.22,-106.42
317,Eureka,5563397,1552092012,9.44,75,61,3.6,40.8,-124.16
318,Araouane,2460954,1552092395,15.03,0,27,4.67,18.9,-3.53
319,Kavaratti,1267390,1552092271,27.35,8,100,4.42,10.57,72.64
320,Santa Isabel do Rio Negro,3662489,1552092396,25.85,8,91,1.62,-0.41,-65.02
321,Chumikan,2025256,1552092396,-9.9,0,55,2.12,54.72,135.31
322,Santa Maria,3450083,1552092124,20.93,92,97,2.42,-29.69,-53.81
323,Hatillo,4565346,1552092330,26.11,40,86,5.7,18.49,-66.83
324,Padang,1633419,1552089600,25.0,20,94,1.0,-0.92,100.36
325,Lanzhou,1804430,1552089600,-8.0,0,85,2.0,36.06,103.82
326,Sao Felix do Xingu,3388847,1552092318,24.63,0,92,0.97,-6.64,-51.99
327,Lugovoy,1498919,1552092398,-4.4,68,81,4.82,59.72,65.88
328,Manadhoo,1337618,1552092398,27.58,80,100,1.87,5.77,73.38
329,Natal,3394023,1552089600,28.0,20,78,5.1,-5.81,-35.21
330,Kokopo,2093685,1552092398,26.75,32,100,1.27,-4.34,152.27
331,Laerdalsoyri,3148569,1552092309,-6.67,68,75,1.34,61.1,7.48
332,Lasa,146639,1552092319,10.0,20,87,3.6,34.92,32.53
333,Nalut,2214433,1552092399,12.33,32,38,3.82,31.86,10.98
334,Bonthe,2409914,1552092399,25.88,0,90,2.17,7.53,-12.5
335,Ambon,3037899,1552092382,11.11,90,100,3.6,47.55,-2.56
336,Severo-Kurilsk,2121385,1552092399,-1.0,64,97,6.92,50.68,156.12
337,Shubarshi,608270,1552092399,-7.08,80,81,3.32,48.59,57.19
338,Taltal,3870243,1552092400,17.85,80,71,1.12,-25.41,-70.49
339,Sibu,1735902,1552089600,25.0,75,94,1.0,2.29,111.83
340,Bulaevo,1525014,1552092400,-13.98,0,78,4.42,54.91,70.44
341,Thung Song,1150085,1552089600,21.0,20,100,0.72,8.16,99.67
342,Port Hedland,2063042,1552089600,32.0,0,62,2.1,-20.31,118.58
343,Harper,4696310,1552092381,25.56,1,69,3.6,30.3,-99.24
344,Barcelos,2742416,1552092363,11.11,75,93,0.77,41.53,-8.62
345,Opelousas,4336153,1552092344,21.11,90,83,4.1,30.53,-92.08
346,Vanavara,2013727,1552092272,-6.83,0,59,4.57,60.35,102.28
347,San Rafael,3836669,1552092402,14.9,92,48,2.27,-34.61,-68.33
348,Tuatapere,2180815,1552092252,16.58,92,81,1.12,-46.13,167.69
349,Praia,3460954,1552089600,26.0,0,61,2.6,-20.25,-43.81
350,Nemuro,2128975,1552089600,0.0,0,91,5.1,43.32,145.57
351,San Juan Bautista,3437063,1552092402,23.18,68,92,4.72,-26.67,-57.15
352,Nanakuli,5851349,1552092320,26.0,75,56,6.7,21.39,-158.15
353,Kutiyana,1265415,1552092403,14.98,0,86,2.07,21.62,69.99
354,Ilulissat,3423146,1552089000,-5.0,0,35,4.1,69.22,-51.1
355,Toamasina,1053384,1552089600,24.0,75,94,0.97,-18.17,49.38
356,Mackay,5921525,1552089600,-1.0,90,53,5.7,53.65,-115.58
357,Kondinskoye,1502697,1552092403,-5.1,88,81,3.97,59.65,67.41
358,Moquegua,3934608,1552092404,18.83,64,65,1.37,-17.19,-70.93
359,Marsa Matruh,352733,1552092251,3.73,0,81,1.52,31.35,27.25
360,Hithadhoo,1282256,1552092404,28.4,68,100,2.77,-0.6,73.08
361,Shigony,494531,1552092404,-5.0,92,88,7.57,53.39,48.68
362,Zhigansk,2012530,1552092404,-15.6,64,70,3.57,66.77,123.37
363,Kangaatsiaq,3422683,1552092405,-8.68,0,100,3.92,68.31,-53.46
364,Nova Odesa,699811,1552092405,7.0,68,91,3.62,47.3,31.79
365,Phalodi,1259813,1552092405,14.53,0,71,4.07,27.13,72.36
366,Baruun-Urt,2032614,1552092405,-11.28,0,67,1.67,46.68,113.28
367,Topolobampo,3981345,1552092137,24.0,90,60,7.2,25.6,-109.05
368,Calvinia,3369174,1552092405,10.68,0,83,1.27,-31.47,19.78
369,Lompoc,5367788,1552092397,14.44,1,58,7.7,34.64,-120.46
370,Namatanai,2090021,1552092406,27.33,68,100,2.67,-3.66,152.44
371,Aykhal,2027296,1552092406,-10.28,80,80,3.22,65.95,111.51
372,Matara,3948642,1552092406,10.65,32,68,0.92,-13.74,-72.9
373,Bossangoa,2388036,1552092406,21.0,12,87,1.27,6.5,17.45
374,Simao,1794209,1552092406,14.43,88,97,0.67,22.76,100.79
375,Myitkyina,1307741,1552092406,14.33,12,97,0.37,25.38,97.4
376,Urozhaynoye,2120530,1552092406,1.15,48,72,2.92,47.7,142.03
377,Puerto Escondido,3520994,1552088640,30.0,5,66,4.1,15.86,-97.07
378,Airai,1651810,1552092407,23.63,56,85,0.62,-8.93,125.41
379,Vila,3164565,1552092397,11.67,0,93,1.0,45.18,8.4
380,Pontian Kecil,1732711,1552092322,28.0,75,94,4.42,1.48,103.39
381,Praia da Vitoria,3372760,1552092332,16.0,75,82,7.72,38.73,-27.07
382,Guerrero Negro,4021858,1552092408,16.63,0,62,8.42,27.97,-114.04
383,Yar-Sale,1486321,1552092408,-14.88,0,67,5.97,66.83,70.83
384,Brainerd,5019116,1552092204,-1.67,90,73,3.1,46.36,-94.2
385,Cap Malheureux,934649,1552089600,24.0,75,94,2.1,-19.98,57.61
386,Thibodaux,4343429,1552092181,22.22,90,78,4.1,29.8,-90.82
387,Luderitz,3355672,1552092408,16.38,0,77,9.32,-26.65,15.16
388,Samarai,2132606,1552092408,28.5,92,99,4.67,-10.62,150.67
389,Puerto del Rosario,2512186,1552091400,17.0,0,67,6.7,28.5,-13.86
390,Suntar,2015913,1552092409,-7.08,88,87,2.12,62.16,117.65
391,Imuris,4004399,1552092322,16.11,44,34,3.13,30.78,-110.86
392,Pacov,3068647,1552092388,5.56,0,80,5.7,49.47,15.0
393,Mbuji-Mayi,209228,1552092410,19.85,56,91,1.37,-6.13,23.6
394,Rawson,3839307,1552092410,16.98,0,29,5.07,-43.3,-65.11
395,Boras,2720501,1552092376,3.89,90,78,5.1,57.72,12.94
396,Peniche,2264923,1552092363,11.67,0,93,0.5,39.36,-9.38
397,Cockburn Town,3576994,1552092161,24.48,76,100,6.97,21.46,-71.14
398,Nouakchott,2377450,1552089600,20.0,0,60,5.1,18.08,-15.98
399,Karakol,1528121,1552092411,-16.15,20,64,1.72,42.49,78.39
400,Malanje,2239862,1552092411,19.85,56,94,1.87,-9.54,16.35
401,Papara,3395473,1552091891,27.22,20,83,1.0,-3.98,-38.73
402,Jaicos,3397660,1552092411,25.58,12,81,2.77,-7.36,-41.14
403,Tottori,1849892,1552089600,10.0,0,82,4.6,35.5,134.23
404,Westport,2960970,1552092184,10.56,92,78,3.13,53.8,-9.52
405,Dwarka,1273294,1552089600,15.0,20,77,1.5,28.58,77.04
406,Zeya,2012593,1552092412,-10.58,0,50,2.42,53.74,127.27
407,Xuchang,1788046,1552089600,6.0,32,75,1.32,34.03,113.82
408,Wittingen,2807257,1552092310,7.22,75,80,4.6,52.73,10.74
409,Xichang,1789647,1552092412,2.0,0,70,0.77,27.88,102.25
410,Sakaiminato,1853174,1552091594,8.0,20,100,1.0,35.55,133.23
411,Carlisle,2653775,1552092340,6.11,0,93,11.3,54.89,-2.94
412,Vanimo,2084442,1552092413,26.68,88,100,3.02,-2.67,141.3
413,Kosh-Agach,1502422,1552092413,-20.33,8,51,1.42,49.99,88.66
414,Birin,170017,1552092413,-1.15,0,74,1.32,35.01,36.67
415,Shimoda,1852357,1552091928,14.0,40,58,2.6,34.7,138.93
416,Shelby,5677433,1552092012,-2.78,1,53,8.7,48.51,-111.86
417,Tanabe,1850708,1552089600,11.0,20,57,1.5,33.73,135.39
418,Dryden,5942913,1552089600,-5.0,90,79,3.1,49.79,-92.84
419,Pasighat,1260206,1552092415,7.93,0,78,1.07,28.06,95.33
420,Pangody,1495626,1552092415,-12.83,32,70,5.12,65.85,74.49
421,Ketou,2393551,1552092415,22.35,68,96,2.12,7.36,2.6
422,Ulladulla,2145554,1552092375,22.78,90,64,3.6,-35.36,150.48
423,Novokizhinginsk,2018930,1552092415,-13.38,0,54,2.37,51.61,109.59
424,Oranjestad,3577154,1552089600,26.0,20,83,7.7,12.52,-70.03
425,Sunnyside,6159599,1552092303,-8.33,12,85,1.79,47.86,-53.92
426,Riyadh,108410,1552089600,13.0,0,20,4.1,24.63,46.72
427,Nantucket,4944903,1552092206,1.11,1,100,5.1,41.28,-70.1
428,Baksanenok,579571,1552089600,0.0,32,89,1.0,43.69,43.65
429,Zonguldak,737021,1552092416,5.83,0,78,1.42,41.25,31.83
430,Tecolutla,3514593,1552092416,25.9,0,36,1.07,17.31,-98.74
431,Ukiah,5404476,1552092325,12.22,1,40,5.1,39.15,-123.21
432,Nuevitas,3545841,1552089180,24.0,92,73,5.7,21.55,-77.27
433,El Porvenir,3610676,1552089600,27.0,40,78,7.7,15.75,-86.9
434,Alice Springs,2077895,1552089600,31.0,0,8,7.7,-23.7,133.88
435,Inhambane,1045114,1552092418,26.53,92,92,3.87,-23.87,35.38
436,Pedernales,3653307,1552092418,24.53,64,83,3.47,0.07,-80.05
437,Machiques,3633444,1552092418,22.5,80,74,3.12,10.06,-72.55
438,Silver City,5491487,1552092196,12.22,90,40,14.9,32.77,-108.28
439,Ryotsu,1853371,1552089600,7.0,20,56,3.6,38.08,138.43
440,Patterson,4336646,1552092083,21.11,90,88,2.6,29.69,-91.3
441,Arlit,2447513,1552092419,20.63,32,43,0.27,18.74,7.39
442,Campo Maior,2270336,1552092391,10.56,0,74,1.34,39.01,-7.07
443,Paramonga,3933024,1552092419,23.83,44,96,4.22,-10.68,-77.82
444,Caravelas,3466980,1552092419,29.28,32,99,3.32,-17.73,-39.27
445,Fayaoue,2141305,1552092419,26.1,80,100,8.17,-20.65,166.53
446,Luau,876177,1552092420,19.15,92,98,1.32,-10.7,22.23
447,Fuerte Olimpo,3438102,1552092420,30.9,0,55,3.57,-21.04,-57.87
448,Zhoucheng,6957977,1552089600,9.0,48,81,2.0,31.35,119.33
449,Sayyan,70979,1552092420,6.43,0,84,0.87,15.17,44.32
450,Jensen Beach,4160171,1552092125,23.0,20,77,3.1,27.25,-80.23
451,Tripoli,252601,1552092047,12.22,0,80,0.72,37.51,22.37
452,Provins,2985229,1552092369,9.0,90,87,10.3,48.56,3.3
453,Cabatuan,1721714,1552092420,23.33,8,82,1.92,16.95,121.67
454,Qaqortoq,3420846,1552089000,3.0,36,25,13.4,60.72,-46.03
455,Kerrobert,5991284,1552092051,-9.0,75,78,7.2,51.92,-109.14
456,Christchurch,2192362,1552092186,18.89,24,67,5.7,-43.53,172.64
457,Pemberton,2063604,1552092382,20.0,92,98,0.45,-34.44,116.03
458,Galle,4695361,1552092418,25.0,75,78,4.6,29.74,-97.91
459,Turukhansk,1488903,1552092227,-12.85,68,83,9.12,65.8,87.96
460,Hovd,7626384,1552092301,1.0,75,86,5.1,63.83,10.7
461,Guasave,4005219,1552091897,24.0,90,60,7.2,25.57,-108.47
462,Bowling Green,4285268,1552092242,8.0,90,93,2.6,36.99,-86.44
463,Aitape,2101169,1552092422,24.73,92,100,1.62,-3.15,142.36
464,Vardo,4372777,1552092366,1.11,90,86,1.67,39.62,-77.74
465,Livingston,4073383,1552092332,22.0,75,68,2.6,32.58,-88.19
466,Ibra,287832,1552092375,11.38,8,83,0.87,22.69,58.55
467,Takoradi,2294915,1552092423,27.33,0,100,2.47,4.89,-1.75
468,Whitehorse,6180550,1552092164,0.0,20,42,5.7,60.72,-135.06
469,Havre,5656497,1552091550,-3.89,1,68,4.6,48.55,-109.68
470,Sobolevo,525426,1552092423,3.5,44,88,8.42,54.43,31.9
471,Dilla,338998,1552092423,12.6,0,69,0.92,6.41,38.31
472,Tura,1254046,1552092161,9.98,0,74,1.12,25.52,90.21
473,Gravdal,3147822,1552092422,2.78,88,93,6.7,59.79,5.78
474,Hay River,5972762,1552089600,-7.0,90,73,3.1,60.82,-115.79
475,Tsiroanomandidy,1054463,1552092424,17.9,76,96,1.22,-18.77,46.05
476,Dunmore Town,3572462,1552092424,23.85,24,100,6.47,25.5,-76.65
477,Kawalu,1640902,1552092267,20.48,32,91,0.87,-7.38,108.21
478,Pulandian,1798490,1552089600,6.0,40,48,2.0,39.4,121.96
479,Antsohihy,1068971,1552092424,22.15,24,97,0.87,-14.88,47.99
480,Tibati,2221530,1552092425,25.9,92,31,3.42,6.47,12.63
481,Kaffrine,2251007,1552089600,26.0,0,31,4.1,14.1,-15.55
482,Yulara,6355222,1552089600,32.0,0,8,4.6,-25.24,130.99
483,Kaeo,2189343,1552091884,21.67,44,77,1.34,-35.1,173.78
484,Conde,3465713,1552092425,26.73,0,86,3.42,-11.81,-37.61
485,Sri Aman,1735799,1552089600,24.0,75,100,1.0,1.24,111.46
486,Pacific Grove,5380437,1552092382,13.0,40,54,5.1,36.62,-121.92
487,Kieta,2094027,1552092426,28.4,36,95,2.07,-6.22,155.63
488,Narsimhapur,1267904,1552092426,15.03,0,70,1.97,17.14,74.26
489,Charlottesville,4752031,1552092262,1.11,90,100,1.12,38.03,-78.48
490,Marzuq,72181,1552092426,11.1,32,83,1.22,14.4,46.47
491,Bolshaya Martynovka,581220,1552092427,4.15,8,89,4.27,47.27,41.67
492,Ola,2122574,1552092427,-8.03,88,100,3.22,59.58,151.3
493,Santa Cruz,5393052,1552092429,12.78,1,54,4.1,36.97,-122.03
494,Laguna,4013704,1552088580,22.0,90,53,3.6,27.52,-110.01
495,Eregli,315498,1552092429,-3.03,0,64,1.27,37.51,34.05
496,San Carlos,3628503,1552092368,29.9,64,54,3.92,9.66,-68.59
497,Sao Domingos do Prata,3449219,1552092430,22.48,0,70,2.12,-19.86,-42.97
498,Bangui,2389853,1552089600,26.0,0,78,1.12,4.39,18.55
499,Bud,7626370,1552092346,-1.0,80,92,4.1,62.91,6.91
500,Shache,1280037,1552092431,-4.98,0,67,1.87,38.42,77.24
501,Kushima,1895695,1552091526,11.67,75,66,3.6,31.5,131.29
502,Salisbury,2638664,1552092429,9.0,32,93,7.7,51.07,-1.8
503,Sorland,3137469,1552092236,-0.85,24,100,12.42,67.67,12.69
504,San Lorenzo,3437056,1552089600,22.0,90,94,3.1,-25.34,-57.51
505,Lengshuijiang,1804169,1552092432,6.83,92,98,1.42,27.66,111.45
506,Deniliquin,2169068,1552092432,21.85,24,85,2.22,-35.53,144.96
507,Kungurtug,1501377,1552092433,-22.75,8,52,1.42,50.6,97.53
508,Tilichiki,2120591,1552092433,-12.18,20,84,1.77,60.47,166.1
509,Camocim,3403687,1552092433,25.1,44,91,2.97,-2.9,-40.84
510,Tornio,637314,1552092312,2.0,90,93,5.1,61.12,27.27
511,Mehamn,778707,1552092433,-10.93,44,82,2.97,71.03,27.85
512,Vrises,260114,1552092349,12.0,1,83,3.1,35.49,23.89
513,Whitianga,2179103,1552092310,17.78,36,93,1.34,-36.83,175.7
514,Wakkanai,2127515,1552089600,4.0,75,80,11.3,45.41,141.67
515,The Valley,3573374,1552091466,26.0,75,73,6.7,18.22,-63.06
516,Atar,2381334,1552092434,15.38,0,34,3.12,20.52,-13.05
517,Denpasar,1645528,1552089600,27.0,20,74,1.5,-8.65,115.22
518,Gashua,2341656,1552092434,24.78,44,35,3.92,12.87,11.04
519,Amol,143534,1552092434,6.75,92,100,1.62,36.47,52.35
520,Grand Gaube,934479,1552089600,24.0,75,94,2.1,-20.01,57.66
521,Heihe,2036973,1552089600,-6.0,0,37,8.0,50.24,127.51
522,Puerto Ayacucho,3629710,1552089600,27.0,75,83,1.5,5.66,-67.63
523,Itarema,3393692,1552092436,24.68,8,95,2.42,-2.92,-39.92
524,Bilma,2446796,1552092436,15.4,0,26,3.12,18.69,12.92
525,Caxito,3451261,1552089600,27.0,20,83,5.7,-22.65,-42.51
526,Port Macquarie,2152659,1552092245,31.67,40,65,2.1,-31.43,152.91
527,Banjarmasin,1650213,1552089600,26.0,68,94,1.5,-3.32,114.59
528,Khorramabad,127349,1552089060,3.0,90,100,0.97,33.48,48.35
529,Magole,155334,1552092437,21.78,92,95,0.42,-6.37,37.37
530,Pisco,3932145,1552092183,24.33,68,66,1.57,-13.71,-76.2
531,Kurilsk,2123979,1552092438,-1.03,12,93,4.07,45.23,147.88
532,Great Yarmouth,2647984,1552092378,8.89,68,93,7.7,52.61,1.73
533,Coahuayana,3981460,1552092438,30.85,0,25,1.17,18.62,-100.35
534,College,5859699,1552092398,3.89,75,47,3.1,64.86,-147.8
535,Salalah,286621,1552089000,25.0,0,20,4.1,17.01,54.1
536,Edmundston,6545023,1552092172,-4.0,20,38,4.1,47.36,-68.33
537,Umm Lajj,100926,1552092439,17.68,0,85,9.02,25.02,37.27
538,Charters Towers,2171722,1552092439,25.4,92,83,4.17,-20.07,146.27
539,Saint Stephen,5044407,1552092365,-1.0,90,79,2.1,45.7,-94.27
540,Roebourne,2062276,1552092219,28.03,0,75,2.07,-20.77,117.15
541,Makat,608872,1552092439,-10.85,12,87,1.22,47.65,53.35
542,Tecoanapa,3532499,1552088760,28.0,5,78,5.1,16.99,-99.26
543,Huarmey,3939168,1552092440,23.48,48,63,1.57,-10.07,-78.15
544,Sao Joao Evangelista,3448850,1552092440,24.73,24,68,3.32,-18.55,-42.76
545,Half Moon Bay,5354943,1552092430,13.0,40,61,5.1,37.46,-122.43
